"","MRN","Mrn_Vis","sys_d","dia_d","sys_n","dia_n","visit","dip.status","hos","HOS","dip"
"1","CGMHLK0001","CGMHLK00011",134,80,134,78,1,"Non dipper","CGMHLK",1,1
"2","CGMHLK0001","CGMHLK00012",138,81,142,77,2,"Reverse dipper","CGMHLK",1,1
"3","CGMHLK0001","CGMHLK00013",139,83,146,83,3,"Non dipper","CGMHLK",1,1
"4","CGMHLK0002","CGMHLK00021",120,71,120,71,1,"Non dipper","CGMHLK",1,1
"5","CGMHLK0002","CGMHLK00022",112,64,112,67,2,"Non dipper","CGMHLK",1,1
"6","CGMHLK0002","CGMHLK00023",125,73,137,84,3,"Non dipper","CGMHLK",1,1
"7","CGMHLK0003","CGMHLK00031",113,83,111,79,1,"Dipper","CGMHLK",1,0
"8","CGMHLK0003","CGMHLK00032",121,87,109,74,2,"Dipper","CGMHLK",1,0
"9","CGMHLK0003","CGMHLK00033",130,88,116,80,3,"Dipper","CGMHLK",1,0
"10","CGMHLK0004","CGMHLK00041",134,77,123,67,1,"Reverse dipper","CGMHLK",1,1
"11","CGMHLK0004","CGMHLK00042",116,67,116,61,2,"Reverse dipper","CGMHLK",1,1
"12","CGMHLK0004","CGMHLK00043",123,76,140,79,3,"Non dipper","CGMHLK",1,1
"13","CGMHLK0007","CGMHLK00071",124,77,131,79,1,"Non dipper","CGMHLK",1,1
"14","CGMHLK0007","CGMHLK00072",132,85,141,87,2,"Reverse dipper","CGMHLK",1,1
"15","CGMHLK0007","CGMHLK00073",129,87,129,87,3,"Non dipper","CGMHLK",1,1
"16","CGMHLK0010","CGMHLK00101",123,77,126,80,1,"Reverse dipper","CGMHLK",1,1
"17","CGMHLK0010","CGMHLK00102",129,86,131,86,2,"Non dipper","CGMHLK",1,1
"18","CGMHLK0010","CGMHLK00103",129,87,139,89,3,"Reverse dipper","CGMHLK",1,1
"19","CGMHLK0011","CGMHLK00111",138,89,146,93,1,"Non dipper","CGMHLK",1,1
"20","CGMHLK0011","CGMHLK00112",140,87,148,91,2,"Dipper","CGMHLK",1,0
"21","CGMHLK0011","CGMHLK00113",123,74,139,87,3,"Reverse dipper","CGMHLK",1,1
"22","CGMHLK0013","CGMHLK00131",146,88,149,90,1,"Reverse dipper","CGMHLK",1,1
"23","CGMHLK0013","CGMHLK00132",153,102,170,110,2,"Non dipper","CGMHLK",1,1
"24","CGMHLK0013","CGMHLK00133",143,96,138,89,3,"Non dipper","CGMHLK",1,1
"25","CGMHLK0015","CGMHLK00151",138,88,138,88,1,"Non dipper","CGMHLK",1,1
"26","CGMHLK0015","CGMHLK00152",136,92,139,91,2,"Non dipper","CGMHLK",1,1
"27","CGMHLK0015","CGMHLK00153",137,86,128,80,3,"Dipper","CGMHLK",1,0
"28","CGMHLK0016","CGMHLK00161",162,93,139,85,1,"Reverse dipper","CGMHLK",1,1
"29","CGMHLK0016","CGMHLK00162",149,86,152,87,2,"Reverse dipper","CGMHLK",1,1
"30","CGMHLK0016","CGMHLK00163",142,86,143,88,3,"Non dipper","CGMHLK",1,1
"31","CGMHLK0020","CGMHLK00201",132,64,135,66,1,"Non dipper","CGMHLK",1,1
"32","CGMHLK0020","CGMHLK00202",132,60,132,60,2,"Non dipper","CGMHLK",1,1
"33","CGMHLK0020","CGMHLK00203",140,69,140,66,3,"Non dipper","CGMHLK",1,1
"34","CGMHLK0022","CGMHLK00221",129,81,119,73,1,"Reverse dipper","CGMHLK",1,1
"35","CGMHLK0022","CGMHLK00222",127,81,123,80,2,"Non dipper","CGMHLK",1,1
"36","CGMHLK0022","CGMHLK00223",138,91,127,82,3,"Reverse dipper","CGMHLK",1,1
"37","CGMHLK0023","CGMHLK00231",124,76,114,70,1,"Non dipper","CGMHLK",1,1
"38","CGMHLK0023","CGMHLK00232",141,86,132,79,2,"Extreme dipper","CGMHLK",1,0
"39","CGMHLK0023","CGMHLK00233",132,80,125,75,3,"Non dipper","CGMHLK",1,1
"40","CGMHLK0027","CGMHLK00271",114,66,115,63,1,"Dipper","CGMHLK",1,0
"41","CGMHLK0027","CGMHLK00272",114,70,118,70,2,"Non dipper","CGMHLK",1,1
"42","CGMHLK0027","CGMHLK00273",115,68,111,68,3,"Non dipper","CGMHLK",1,1
"43","CGMHLK0029","CGMHLK00291",125,74,123,76,1,"Dipper","CGMHLK",1,0
"44","CGMHLK0029","CGMHLK00292",132,76,129,77,2,"Dipper","CGMHLK",1,0
"45","CGMHLK0029","CGMHLK00293",127,75,133,79,3,"Non dipper","CGMHLK",1,1
"46","CGMHLK0030","CGMHLK00301",141,84,131,76,1,"Reverse dipper","CGMHLK",1,1
"47","CGMHLK0030","CGMHLK00302",120,68,129,72,2,"Non dipper","CGMHLK",1,1
"48","CGMHLK0030","CGMHLK00303",120,70,121,68,3,"Dipper","CGMHLK",1,0
"49","CGMHLK0031","CGMHLK00311",137,88,133,88,1,"Reverse dipper","CGMHLK",1,1
"50","CGMHLK0031","CGMHLK00312",137,92,130,87,2,"Reverse dipper","CGMHLK",1,1
"51","CGMHLK0031","CGMHLK00313",134,93,130,90,3,"Non dipper","CGMHLK",1,1
"52","CGMHLK0033","CGMHLK00331",121,65,128,72,1,"Dipper","CGMHLK",1,0
"53","CGMHLK0033","CGMHLK00332",133,78,140,77,2,"Dipper","CGMHLK",1,0
"54","CGMHLK0033","CGMHLK00333",133,78,136,79,3,"Dipper","CGMHLK",1,0
"55","CGMHLK0034","CGMHLK00341",144,82,131,70,1,"Reverse dipper","CGMHLK",1,1
"56","CGMHLK0034","CGMHLK00342",156,87,128,71,2,"Reverse dipper","CGMHLK",1,1
"57","CGMHLK0034","CGMHLK00343",146,85,144,79,3,"Reverse dipper","CGMHLK",1,1
"58","CGMHLK0036","CGMHLK00361",127,85,124,82,1,"Non dipper","CGMHLK",1,1
"59","CGMHLK0036","CGMHLK00362",126,87,125,81,2,"Dipper","CGMHLK",1,0
"60","CGMHLK0036","CGMHLK00363",134,91,130,85,3,"Non dipper","CGMHLK",1,1
"61","CGMHLK0038","CGMHLK00381",143,104,127,89,1,"Non dipper","CGMHLK",1,1
"62","CGMHLK0038","CGMHLK00382",138,101,136,99,2,"Non dipper","CGMHLK",1,1
"63","CGMHLK0038","CGMHLK00383",134,100,142,105,3,"Non dipper","CGMHLK",1,1
"64","CGMHLK0039","CGMHLK00391",130,71,113,64,1,"Reverse dipper","CGMHLK",1,1
"65","CGMHLK0039","CGMHLK00392",146,82,128,73,2,"Non dipper","CGMHLK",1,1
"66","CGMHLK0039","CGMHLK00393",136,71,139,75,3,"Reverse dipper","CGMHLK",1,1
"67","CGMHLK0042","CGMHLK00421",157,113,163,117,1,"Reverse dipper","CGMHLK",1,1
"68","CGMHLK0042","CGMHLK00422",136,98,131,93,2,"Non dipper","CGMHLK",1,1
"69","CGMHLK0042","CGMHLK00423",123,89,125,88,3,"Dipper","CGMHLK",1,0
"70","CGMHLK0043","CGMHLK00431",135,84,134,93,1,"Reverse dipper","CGMHLK",1,1
"71","CGMHLK0043","CGMHLK00432",130,85,135,97,2,"Non dipper","CGMHLK",1,1
"72","CGMHLK0043","CGMHLK00433",111,71,110,74,3,"Dipper","CGMHLK",1,0
"73","CGMHLK0046","CGMHLK00461",156,78,162,78,1,"Reverse dipper","CGMHLK",1,1
"74","CGMHLK0046","CGMHLK00462",160,80,162,81,2,"Non dipper","CGMHLK",1,1
"75","CGMHLK0046","CGMHLK00463",138,73,156,75,3,"Non dipper","CGMHLK",1,1
"76","CGMHLK0050","CGMHLK00501",122,70,121,71,1,"Non dipper","CGMHLK",1,1
"77","CGMHLK0050","CGMHLK00502",131,73,131,76,2,"Dipper","CGMHLK",1,0
"78","CGMHLK0050","CGMHLK00503",125,62,120,61,3,"Non dipper","CGMHLK",1,1
"79","CGMHLK0051","CGMHLK00511",128,80,118,71,1,"Non dipper","CGMHLK",1,1
"80","CGMHLK0051","CGMHLK00512",133,79,128,77,2,"Non dipper","CGMHLK",1,1
"81","CGMHLK0051","CGMHLK00513",125,74,123,72,3,"Non dipper","CGMHLK",1,1
"82","CGMHLK0069","CGMHLK00691",151,81,140,73,1,"Reverse dipper","CGMHLK",1,1
"83","CGMHLK0069","CGMHLK00692",145,80,146,78,2,"Reverse dipper","CGMHLK",1,1
"84","CGMHLK0069","CGMHLK00693",127,70,119,66,3,"Non dipper","CGMHLK",1,1
"85","CGMHLK0072","CGMHLK00721",125,83,125,82,1,"Non dipper","CGMHLK",1,1
"86","CGMHLK0072","CGMHLK00722",122,81,126,85,2,"Reverse dipper","CGMHLK",1,1
"87","CGMHLK0072","CGMHLK00723",116,75,124,78,3,"Non dipper","CGMHLK",1,1
"88","CGMHLK0074","CGMHLK00741",139,79,146,84,1,"Non dipper","CGMHLK",1,1
"89","CGMHLK0074","CGMHLK00742",132,72,141,77,2,"Reverse dipper","CGMHLK",1,1
"90","CGMHLK0074","CGMHLK00743",132,71,144,81,3,"Reverse dipper","CGMHLK",1,1
"91","CGMHLK0077","CGMHLK00771",133,74,130,70,1,"Reverse dipper","CGMHLK",1,1
"92","CGMHLK0077","CGMHLK00772",134,76,129,67,2,"Reverse dipper","CGMHLK",1,1
"93","CGMHLK0077","CGMHLK00773",161,90,147,82,3,"Non dipper","CGMHLK",1,1
"94","CGMHLK0079","CGMHLK00791",125,91,122,86,1,"Reverse dipper","CGMHLK",1,1
"95","CGMHLK0079","CGMHLK00792",123,93,120,90,2,"Reverse dipper","CGMHLK",1,1
"96","CGMHLK0079","CGMHLK00793",126,94,125,91,3,"Non dipper","CGMHLK",1,1
"97","CGMHLK0080","CGMHLK00801",144,94,131,86,1,"Non dipper","CGMHLK",1,1
"98","CGMHLK0080","CGMHLK00802",119,81,107,71,2,"Dipper","CGMHLK",1,0
"99","CGMHLK0080","CGMHLK00803",115,82,102,71,3,"Dipper","CGMHLK",1,0
"100","CGMHLK0084","CGMHLK00841",107,76,107,72,1,"Reverse dipper","CGMHLK",1,1
"101","CGMHLK0084","CGMHLK00842",119,85,118,83,2,"Non dipper","CGMHLK",1,1
"102","CGMHLK0084","CGMHLK00843",105,78,103,73,3,"Reverse dipper","CGMHLK",1,1
"103","CGMHLK0085","CGMHLK00851",139,88,144,85,1,"Reverse dipper","CGMHLK",1,1
"104","CGMHLK0085","CGMHLK00852",127,86,131,85,2,"Reverse dipper","CGMHLK",1,1
"105","CGMHLK0085","CGMHLK00853",134,91,128,84,3,"Reverse dipper","CGMHLK",1,1
"106","CGMHLK0087","CGMHLK00871",112,74,119,75,1,"Reverse dipper","CGMHLK",1,1
"107","CGMHLK0087","CGMHLK00872",125,78,122,77,2,"Non dipper","CGMHLK",1,1
"108","CGMHLK0087","CGMHLK00873",112,65,131,84,3,"Dipper","CGMHLK",1,0
"109","CGMHLK0088","CGMHLK00881",118,77,116,76,1,"Non dipper","CGMHLK",1,1
"110","CGMHLK0088","CGMHLK00882",114,77,110,77,2,"Non dipper","CGMHLK",1,1
"111","CGMHLK0088","CGMHLK00883",125,85,121,80,3,"Non dipper","CGMHLK",1,1
"112","CGMHLK0092","CGMHLK00921",123,81,125,79,1,"Dipper","CGMHLK",1,0
"113","CGMHLK0092","CGMHLK00922",123,80,130,85,2,"Extreme dipper","CGMHLK",1,0
"114","CGMHLK0092","CGMHLK00923",127,84,134,89,3,"Non dipper","CGMHLK",1,1
"115","CGMHLK0098","CGMHLK00981",130,96,119,87,1,"Non dipper","CGMHLK",1,1
"116","CGMHLK0098","CGMHLK00982",129,92,123,86,2,"Non dipper","CGMHLK",1,1
"117","CGMHLK0098","CGMHLK00983",114,84,117,86,3,"Reverse dipper","CGMHLK",1,1
"118","CGMHLK0100","CGMHLK01001",134,68,138,70,1,"Dipper","CGMHLK",1,0
"119","CGMHLK0100","CGMHLK01002",134,67,136,69,2,"Dipper","CGMHLK",1,0
"120","CGMHLK0100","CGMHLK01003",139,74,147,75,3,"Dipper","CGMHLK",1,0
"121","CGMHLK0102","CGMHLK01021",123,82,116,82,1,"Dipper","CGMHLK",1,0
"122","CGMHLK0102","CGMHLK01022",110,79,111,77,2,"Dipper","CGMHLK",1,0
"123","CGMHLK0102","CGMHLK01023",119,83,124,82,3,"Dipper","CGMHLK",1,0
"124","CGMHLK0103","CGMHLK01031",127,71,132,69,1,"Non dipper","CGMHLK",1,1
"125","CGMHLK0103","CGMHLK01032",134,73,139,69,2,"Dipper","CGMHLK",1,0
"126","CGMHLK0103","CGMHLK01033",142,74,140,72,3,"Non dipper","CGMHLK",1,1
"127","CGMHLK0104","CGMHLK01041",135,93,135,89,1,"Dipper","CGMHLK",1,0
"128","CGMHLK0104","CGMHLK01042",129,90,127,87,2,"Dipper","CGMHLK",1,0
"129","CGMHLK0104","CGMHLK01043",123,85,127,83,3,"Non dipper","CGMHLK",1,1
"130","CGMHLK0106","CGMHLK01061",118,69,118,64,1,"Non dipper","CGMHLK",1,1
"131","CGMHLK0106","CGMHLK01062",130,75,126,70,2,"Non dipper","CGMHLK",1,1
"132","CGMHLK0106","CGMHLK01063",123,76,113,71,3,"Non dipper","CGMHLK",1,1
"133","CGMHLK0108","CGMHLK01081",105,75,114,79,1,"Dipper","CGMHLK",1,0
"134","CGMHLK0108","CGMHLK01082",108,76,111,77,2,"Non dipper","CGMHLK",1,1
"135","CGMHLK0108","CGMHLK01083",114,82,110,75,3,"Reverse dipper","CGMHLK",1,1
"136","CMUH0006","CMUH00061",121,66,123,66,1,"Non dipper","CMUH",0,1
"137","CMUH0006","CMUH00062",125,70,118,64,2,"Non dipper","CMUH",0,1
"138","CMUH0006","CMUH00063",128,74,126,68,3,"Reverse dipper","CMUH",0,1
"139","EDA0038","EDA00381",117,75,116,70,1,"Reverse dipper","EDA",0,1
"140","EDA0038","EDA00382",113,72,116,72,2,"Reverse dipper","EDA",0,1
"141","EDA0038","EDA00383",115,74,119,74,3,"Non dipper","EDA",0,1
"142","EDA0041","EDA00411",133,82,130,82,1,"Non dipper","EDA",0,1
"143","EDA0041","EDA00412",130,85,133,85,2,"Reverse dipper","EDA",0,1
"144","EDA0041","EDA00413",128,83,124,79,3,"Non dipper","EDA",0,1
"145","EDA0043","EDA00431",135,75,145,74,1,"Non dipper","EDA",0,1
"146","EDA0043","EDA00432",143,84,163,92,2,"Non dipper","EDA",0,1
"147","EDA0043","EDA00433",135,79,142,82,3,"Non dipper","EDA",0,1
"148","KMUH0002","KMUH00021",140,86,143,87,1,"Reverse dipper","KMUH",0,1
"149","KMUH0002","KMUH00022",118,76,124,78,2,"Dipper","KMUH",0,0
"150","KMUH0002","KMUH00023",122,72,119,71,3,"Non dipper","KMUH",0,1
"151","KMUH0003","KMUH00031",118,67,137,70,1,"Reverse dipper","KMUH",0,1
"152","KMUH0003","KMUH00032",127,69,123,65,2,"Reverse dipper","KMUH",0,1
"153","KMUH0003","KMUH00033",120,64,126,64,3,"Reverse dipper","KMUH",0,1
"154","KMUH0005","KMUH00051",136,72,116,60,1,"Non dipper","KMUH",0,1
"155","KMUH0005","KMUH00052",153,76,126,64,2,"Non dipper","KMUH",0,1
"156","KMUH0005","KMUH00053",149,79,127,66,3,"Dipper","KMUH",0,0
"157","KMUH0009","KMUH00091",133,91,138,89,1,"Non dipper","KMUH",0,1
"158","KMUH0009","KMUH00092",122,77,127,77,2,"Reverse dipper","KMUH",0,1
"159","KMUH0009","KMUH00093",123,82,125,80,3,"Non dipper","KMUH",0,1
"160","KMUH0010","KMUH00101",133,74,128,70,1,"Non dipper","KMUH",0,1
"161","KMUH0010","KMUH00102",138,74,141,72,2,"Non dipper","KMUH",0,1
"162","KMUH0010","KMUH00103",131,71,130,70,3,"Non dipper","KMUH",0,1
"163","KMUH0013","KMUH00131",143,90,145,91,1,"Dipper","KMUH",0,0
"164","KMUH0013","KMUH00132",131,88,136,91,2,"Dipper","KMUH",0,0
"165","KMUH0013","KMUH00133",125,80,128,80,3,"Dipper","KMUH",0,0
"166","KMUH0014","KMUH00141",119,83,100,62,1,"Non dipper","KMUH",0,1
"167","KMUH0014","KMUH00142",119,82,106,69,2,"Non dipper","KMUH",0,1
"168","KMUH0014","KMUH00143",122,90,107,67,3,"Dipper","KMUH",0,0
"169","KMUH0016","KMUH00161",164,78,144,69,1,"Non dipper","KMUH",0,1
"170","KMUH0016","KMUH00162",156,74,154,73,2,"Dipper","KMUH",0,0
"171","KMUH0016","KMUH00163",146,72,147,69,3,"Dipper","KMUH",0,0
"172","KMUH0021","KMUH00211",143,84,141,82,1,"Non dipper","KMUH",0,1
"173","KMUH0021","KMUH00212",124,78,119,73,2,"Dipper","KMUH",0,0
"174","KMUH0021","KMUH00213",126,80,132,79,3,"Non dipper","KMUH",0,1
"175","KMUH0026","KMUH00261",151,83,138,78,1,"Non dipper","KMUH",0,1
"176","KMUH0026","KMUH00262",124,71,129,72,2,"Non dipper","KMUH",0,1
"177","KMUH0026","KMUH00263",126,72,122,72,3,"Non dipper","KMUH",0,1
"178","KMUH0029","KMUH00291",130,79,116,66,1,"Non dipper","KMUH",0,1
"179","KMUH0029","KMUH00292",123,71,121,66,2,"Non dipper","KMUH",0,1
"180","KMUH0029","KMUH00293",122,70,123,70,3,"Reverse dipper","KMUH",0,1
"181","KMUH0034","KMUH00341",170,89,139,77,1,"Reverse dipper","KMUH",0,1
"182","KMUH0034","KMUH00342",157,87,141,83,2,"Non dipper","KMUH",0,1
"183","KMUH0034","KMUH00343",156,84,145,75,3,"Reverse dipper","KMUH",0,1
"184","KMUH0042","KMUH00421",119,74,130,78,1,"Non dipper","KMUH",0,1
"185","KMUH0042","KMUH00422",122,77,126,77,2,"Non dipper","KMUH",0,1
"186","KMUH0042","KMUH00423",123,74,130,74,3,"Non dipper","KMUH",0,1
"187","KMUH0043","KMUH00431",144,65,149,68,1,"Dipper","KMUH",0,0
"188","KMUH0043","KMUH00432",141,66,164,76,2,"Reverse dipper","KMUH",0,1
"189","KMUH0043","KMUH00433",136,62,143,69,3,"Reverse dipper","KMUH",0,1
"190","KMUH0044","KMUH00441",146,80,156,82,1,"Non dipper","KMUH",0,1
"191","KMUH0044","KMUH00442",146,80,153,80,2,"Reverse dipper","KMUH",0,1
"192","KMUH0044","KMUH00443",153,80,152,81,3,"Dipper","KMUH",0,0
"193","KMUH0045","KMUH00451",116,56,122,60,1,"Non dipper","KMUH",0,1
"194","KMUH0045","KMUH00452",120,63,123,63,2,"Dipper","KMUH",0,0
"195","KMUH0045","KMUH00453",122,64,126,64,3,"Dipper","KMUH",0,0
"196","KMUH0046","KMUH00461",111,66,117,67,1,"Non dipper","KMUH",0,1
"197","KMUH0046","KMUH00462",111,66,118,66,2,"Reverse dipper","KMUH",0,1
"198","KMUH0046","KMUH00463",114,68,120,66,3,"Non dipper","KMUH",0,1
"199","KMUH0047","KMUH00471",137,83,124,85,1,"Reverse dipper","KMUH",0,1
"200","KMUH0047","KMUH00472",121,80,127,89,2,"Non dipper","KMUH",0,1
"201","KMUH0047","KMUH00473",123,81,120,81,3,"Non dipper","KMUH",0,1
"202","KMUH0049","KMUH00491",159,82,157,77,1,"Extreme dipper","KMUH",0,0
"203","KMUH0049","KMUH00492",154,77,145,70,2,"Dipper","KMUH",0,0
"204","KMUH0049","KMUH00493",137,69,137,66,3,"Non dipper","KMUH",0,1
"205","KMUH0052","KMUH00521",128,80,142,86,1,"Extreme dipper","KMUH",0,0
"206","KMUH0052","KMUH00522",124,75,129,75,2,"Non dipper","KMUH",0,1
"207","KMUH0052","KMUH00523",117,75,127,76,3,"Non dipper","KMUH",0,1
"208","KMUH0053","KMUH00531",122,81,122,77,1,"Dipper","KMUH",0,0
"209","KMUH0053","KMUH00532",117,79,117,76,2,"Non dipper","KMUH",0,1
"210","KMUH0053","KMUH00533",124,79,122,78,3,"Dipper","KMUH",0,0
"211","KMUH0054","KMUH00541",147,80,154,80,1,"Dipper","KMUH",0,0
"212","KMUH0054","KMUH00542",135,77,132,76,2,"Non dipper","KMUH",0,1
"213","KMUH0054","KMUH00543",141,78,142,78,3,"Non dipper","KMUH",0,1
"214","KMUH0055","KMUH00551",126,84,125,82,1,"Non dipper","KMUH",0,1
"215","KMUH0055","KMUH00552",133,89,131,84,2,"Non dipper","KMUH",0,1
"216","KMUH0055","KMUH00553",143,95,140,89,3,"Dipper","KMUH",0,0
"217","KMUH0058","KMUH00581",150,107,145,98,1,"Reverse dipper","KMUH",0,1
"218","KMUH0058","KMUH00582",147,108,159,107,2,"Non dipper","KMUH",0,1
"219","KMUH0058","KMUH00583",161,113,157,107,3,"Non dipper","KMUH",0,1
"220","KMUH0059","KMUH00591",130,81,129,80,1,"Non dipper","KMUH",0,1
"221","KMUH0059","KMUH00592",110,62,110,66,2,"Non dipper","KMUH",0,1
"222","KMUH0059","KMUH00593",115,65,112,63,3,"Reverse dipper","KMUH",0,1
"223","KMUH0061","KMUH00611",105,50,113,59,1,"Non dipper","KMUH",0,1
"224","KMUH0061","KMUH00612",110,59,121,60,2,"Non dipper","KMUH",0,1
"225","KMUH0061","KMUH00613",107,56,112,60,3,"Dipper","KMUH",0,0
"226","KMUH0062","KMUH00621",138,75,143,74,1,"Non dipper","KMUH",0,1
"227","KMUH0062","KMUH00622",140,78,136,77,2,"Reverse dipper","KMUH",0,1
"228","KMUH0062","KMUH00623",145,81,145,81,3,"Dipper","KMUH",0,0
"229","KMUH0063","KMUH00631",122,72,126,77,1,"Non dipper","KMUH",0,1
"230","KMUH0063","KMUH00632",122,75,120,71,2,"Dipper","KMUH",0,0
"231","KMUH0063","KMUH00633",126,78,124,74,3,"Dipper","KMUH",0,0
"232","KMUH0064","KMUH00641",115,77,120,76,1,"Reverse dipper","KMUH",0,1
"233","KMUH0064","KMUH00642",120,82,119,77,2,"Reverse dipper","KMUH",0,1
"234","KMUH0064","KMUH00643",112,76,124,82,3,"Dipper","KMUH",0,0
"235","KMUH0065","KMUH00651",131,64,134,63,1,"Non dipper","KMUH",0,1
"236","KMUH0065","KMUH00652",125,68,125,58,2,"Non dipper","KMUH",0,1
"237","KMUH0065","KMUH00653",132,67,137,67,3,"Non dipper","KMUH",0,1
"238","KMUH0068","KMUH00681",119,73,115,70,1,"Non dipper","KMUH",0,1
"239","KMUH0068","KMUH00682",121,75,113,64,2,"Non dipper","KMUH",0,1
"240","KMUH0068","KMUH00683",121,75,113,64,3,"Non dipper","KMUH",0,1
"241","KMUH0070","KMUH00701",147,95,157,95,1,"Reverse dipper","KMUH",0,1
"242","KMUH0070","KMUH00702",173,99,166,93,2,"Non dipper","KMUH",0,1
"243","KMUH0070","KMUH00703",147,95,157,95,3,"Reverse dipper","KMUH",0,1
